거래시간,종목코드,현재가,상승확률(%),기대수익,예상손실,손익비,주문수량,주문종류,주문결과,상증확률(%)
2025-07-07 17:13:15,51360,15700,87.0,585.66,483.42,1.21,2068,매수,모의투자 주문이 불가한 계좌입니다.,
2025-07-07 17:13:21,29780,51700,94.0,4209.63,613.95,6.86,1628,매수,모의투자 주문이 불가한 계좌입니다.,
2025-07-07 17:13:27,35900,71100,71.0,1775.51,2752.62,0.65,363,매수,모의투자 주문이 불가한 계좌입니다.,
2025-07-10 11:42:23,134380,78800,78.0,1192.91,1055.91,1.13,947,매수,모의투자 매수주문이 완료 되었습니다.,
2025-07-10 11:42:29,3960,45600,88.0,4293.39,2052.75,2.09,487,매수,모의투자 매수주문이 완료 되었습니다.,
2025-07-10 11:42:36,137400,31100,77.0,1458.74,1228.55,1.19,813,매수,모의투자 매수주문이 완료 되었습니다.,
2025-07-10 17:14:22,1120,31600,94.0,2325.8,514.42,4.52,726,매수,모의투자 장종료 입니다.,
2025-07-10 17:14:26,34950,99800,89.0,5903.31,2463.62,2.4,80,매수,모의투자 장종료 입니다.,
2025-07-10 17:14:30,79960,25350,95.0,1700.22,328.58,5.17,1302,매수,모의투자 장종료 입니다.,
2025-07-10 17:14:56,1120,31600,96.0,1990.66,583.59,3.41,465,매수,모의투자 장종료 입니다.,
2025-07-10 17:15:00,34950,99800,97.0,6635.52,1792.41,3.7,164,매수,모의투자 장종료 입니다.,
2025-07-10 17:15:03,79960,25350,97.0,1728.8,318.02,5.44,1362,매수,모의투자 장종료 입니다.,
2025-07-10 17:15:30,1120,31600,93.0,2131.35,680.45,3.13,553,매수,모의투자 장종료 입니다.,
2025-07-10 17:15:33,34950,99800,88.0,4586.24,2878.36,1.59,66,매수,모의투자 장종료 입니다.,
2025-07-10 17:15:37,79960,25350,92.0,1492.43,416.05,3.59,1037,매수,모의투자 장종료 입니다.,
2025-07-10 17:16:04,1120,31600,90.0,2080.32,649.27,3.2,400,매수,모의투자 장종료 입니다.,
2025-07-10 17:16:07,34950,99800,93.0,5534.92,2435.3,2.27,75,매수,모의투자 장종료 입니다.,
2025-07-10 17:16:11,79960,25350,97.0,1885.75,275.26,6.85,2018,매수,모의투자 장종료 입니다.,
2025-07-10 17:16:38,1120,31600,92.0,2260.21,577.06,3.92,598,매수,모의투자 장종료 입니다.,
2025-07-10 17:16:41,34950,99800,93.0,5484.16,2359.61,2.32,86,매수,모의투자 장종료 입니다.,
2025-07-10 17:16:45,79960,25350,97.0,1746.51,342.04,5.11,1315,매수,모의투자 장종료 입니다.,
2025-07-10 17:17:11,1120,31600,91.0,2337.02,624.76,3.74,487,매수,모의투자 장종료 입니다.,
2025-07-10 17:17:15,34950,99800,93.0,5445.29,2378.46,2.29,78,매수,모의투자 장종료 입니다.,
2025-07-10 17:17:19,79960,25350,94.0,1727.56,276.64,6.24,1839,매수,모의투자 장종료 입니다.,
2025-07-10 17:17:45,1120,31600,90.0,1941.81,642.19,3.02,466,매수,모의투자 장종료 입니다.,
2025-07-10 17:17:49,34950,99800,87.0,5859.41,2824.41,2.07,72,매수,모의투자 장종료 입니다.,
2025-07-10 17:17:53,79960,25350,97.0,1597.87,320.14,4.99,1545,매수,모의투자 장종료 입니다.,
2025-07-10 17:18:19,1120,31600,89.0,2124.87,590.85,3.6,552,매수,모의투자 장종료 입니다.,
2025-07-10 17:18:23,34950,99800,91.0,5821.58,2359.43,2.47,95,매수,모의투자 장종료 입니다.,
2025-07-10 17:18:26,79960,25350,92.0,1580.61,319.75,4.94,1404,매수,모의투자 장종료 입니다.,
2025-07-10 17:18:53,1120,31600,90.0,1922.3,614.79,3.13,464,매수,모의투자 장종료 입니다.,
2025-07-10 17:18:56,34950,99800,91.0,5545.35,2242.75,2.47,100,매수,모의투자 장종료 입니다.,
2025-07-10 17:19:00,79960,25350,92.0,1631.9,305.38,5.34,1599,매수,모의투자 장종료 입니다.,
2025-07-10 17:19:26,1120,31600,94.0,2374.69,550.51,4.31,637,매수,모의투자 장종료 입니다.,
2025-07-10 17:19:30,34950,99800,91.0,4948.25,3064.27,1.61,42,매수,모의투자 장종료 입니다.,
2025-07-10 17:19:34,79960,25350,93.0,1820.82,285.73,6.37,1813,매수,모의투자 장종료 입니다.,
2025-07-10 17:20:00,1120,31600,92.0,2464.12,493.2,5.0,791,매수,모의투자 장종료 입니다.,
2025-07-10 17:20:04,34950,99800,89.0,5180.1,2951.85,1.75,46,매수,모의투자 장종료 입니다.,
2025-07-10 17:20:08,79960,25350,95.0,1766.33,292.08,6.05,1617,매수,모의투자 장종료 입니다.,
2025-07-10 17:20:34,1120,31600,91.0,2340.24,662.99,3.53,468,매수,모의투자 장종료 입니다.,
2025-07-10 17:20:38,34950,99800,92.0,5096.37,2822.36,1.81,56,매수,모의투자 장종료 입니다.,
2025-07-10 17:20:41,79960,25350,97.0,1771.51,293.6,6.03,1807,매수,모의투자 장종료 입니다.,
2025-07-10 17:21:08,1120,31600,95.0,2122.59,472.51,4.49,761,매수,모의투자 장종료 입니다.,
2025-07-10 17:21:11,34950,99800,90.0,5156.2,3054.71,1.69,44,매수,모의투자 장종료 입니다.,
2025-07-10 17:21:15,79960,25350,97.0,1872.2,297.04,6.3,1699,매수,모의투자 장종료 입니다.,
2025-07-10 17:21:41,1120,31600,94.0,2388.77,538.97,4.43,769,매수,모의투자 장종료 입니다.,
2025-07-10 17:21:45,34950,99800,90.0,5510.55,2724.3,2.02,69,매수,모의투자 장종료 입니다.,
2025-07-10 17:21:49,79960,25350,93.0,1637.2,386.73,4.23,1024,매수,모의투자 장종료 입니다.,
2025-07-10 17:22:15,1120,31600,90.0,2354.42,472.37,4.98,846,매수,모의투자 장종료 입니다.,
2025-07-10 17:22:19,34950,99800,96.0,6201.72,2350.3,2.64,90,매수,모의투자 장종료 입니다.,
2025-07-10 17:22:23,79960,25350,94.0,1565.9,323.64,4.84,1199,매수,모의투자 장종료 입니다.,
2025-07-10 17:22:49,1120,31600,90.0,1846.8,661.58,2.79,448,매수,모의투자 장종료 입니다.,
2025-07-10 17:22:53,34950,99800,87.0,4663.34,2919.77,1.6,58,매수,모의투자 장종료 입니다.,
2025-07-10 17:22:56,79960,25350,94.0,1777.96,354.89,5.01,1502,매수,모의투자 장종료 입니다.,
2025-07-10 17:23:23,1120,31600,96.0,1970.3,583.74,3.38,550,매수,모의투자 장종료 입니다.,
2025-07-10 17:23:27,34950,99800,93.0,5640.39,2359.63,2.39,96,매수,모의투자 장종료 입니다.,
2025-07-10 17:23:30,79960,25350,96.0,1539.84,324.94,4.74,1388,매수,모의투자 장종료 입니다.,
2025-07-10 17:23:57,1120,31600,94.0,2271.36,498.99,4.55,771,매수,모의투자 장종료 입니다.,
2025-07-10 17:24:00,34950,99800,91.0,5175.74,2707.17,1.91,59,매수,모의투자 장종료 입니다.,
2025-07-10 17:24:04,79960,25350,94.0,1762.54,329.18,5.35,1376,매수,모의투자 장종료 입니다.,
2025-07-10 17:24:30,1120,31600,95.0,2041.12,560.13,3.64,621,매수,모의투자 장종료 입니다.,
2025-07-10 17:24:34,34950,99800,87.0,6175.29,2727.23,2.26,79,매수,모의투자 장종료 입니다.,
2025-07-10 17:24:38,79960,25350,93.0,1610.07,352.66,4.57,1236,매수,모의투자 장종료 입니다.,
2025-07-10 17:25:04,1120,31600,93.0,2125.31,471.71,4.51,760,매수,모의투자 장종료 입니다.,
2025-07-10 17:25:08,34950,99800,91.0,5554.16,2685.5,2.07,61,매수,모의투자 장종료 입니다.,
2025-07-10 17:25:12,79960,25350,93.0,1872.23,312.51,5.99,1525,매수,모의투자 장종료 입니다.,
2025-07-10 17:25:38,1120,31600,91.0,2013.5,749.77,2.69,403,매수,모의투자 장종료 입니다.,
2025-07-10 17:25:42,34950,99800,90.0,5360.7,2905.86,1.84,71,매수,모의투자 장종료 입니다.,
2025-07-10 17:25:45,79960,25350,99.0,1528.11,351.94,4.34,1390,매수,모의투자 장종료 입니다.,
2025-07-10 17:26:12,1120,31600,90.0,2013.24,656.81,3.07,426,매수,모의투자 장종료 입니다.,
2025-07-10 17:26:15,34950,99800,91.0,5483.28,2074.13,2.64,116,매수,모의투자 장종료 입니다.,
2025-07-10 17:26:19,79960,25350,93.0,1686.36,322.67,5.23,1481,매수,모의투자 장종료 입니다.,
2025-07-10 17:26:46,1120,31600,97.0,2543.51,402.45,6.32,1223,매수,모의투자 장종료 입니다.,
2025-07-10 17:26:49,34950,99800,89.0,5274.89,2942.6,1.79,47,매수,모의투자 장종료 입니다.,
2025-07-10 17:26:53,79960,25350,94.0,1593.33,337.55,4.72,1089,매수,모의투자 장종료 입니다.,
2025-07-10 17:27:19,1120,31600,92.0,2102.71,631.57,3.33,513,매수,모의투자 장종료 입니다.,
2025-07-10 17:27:23,34950,99800,89.0,5317.73,2712.0,1.96,70,매수,모의투자 장종료 입니다.,
2025-07-10 17:27:27,79960,25350,96.0,1633.89,328.97,4.97,1471,매수,모의투자 장종료 입니다.,
2025-07-10 17:27:53,1120,31600,96.0,1917.25,614.39,3.12,450,매수,모의투자 장종료 입니다.,
2025-07-10 17:27:57,34950,99800,95.0,6006.35,2086.3,2.88,122,매수,모의투자 장종료 입니다.,
2025-07-10 17:28:01,79960,25350,92.0,1699.56,321.63,5.28,1455,매수,모의투자 장종료 입니다.,
2025-07-10 17:28:27,1120,31600,90.0,1954.97,613.75,3.19,448,매수,모의투자 장종료 입니다.,
2025-07-10 17:28:31,34950,99800,87.0,5867.51,2540.53,2.31,78,매수,모의투자 장종료 입니다.,
2025-07-10 17:28:34,79960,25350,95.0,1767.74,290.95,6.08,1804,매수,모의투자 장종료 입니다.,
2025-07-10 17:29:01,1120,31600,96.0,2284.32,470.41,4.86,723,매수,모의투자 장종료 입니다.,
2025-07-10 17:29:05,34950,99800,94.0,6141.6,1976.66,3.11,110,매수,모의투자 장종료 입니다.,
2025-07-10 17:29:08,79960,25350,94.0,1790.54,284.32,6.3,1553,매수,모의투자 장종료 입니다.,
2025-07-10 17:29:35,1120,31600,95.0,2225.9,553.91,4.02,604,매수,모의투자 장종료 입니다.,
2025-07-10 17:29:38,34950,99800,88.0,6014.54,2515.41,2.39,79,매수,모의투자 장종료 입니다.,
2025-07-10 17:29:42,79960,25350,96.0,1683.42,301.2,5.59,1546,매수,모의투자 장종료 입니다.,
2025-07-10 17:30:08,1120,31600,91.0,2220.86,620.88,3.58,487,매수,모의투자 장종료 입니다.,
2025-07-10 17:30:12,34950,99800,91.0,5715.12,2433.99,2.35,81,매수,모의투자 장종료 입니다.,
2025-07-10 17:30:16,79960,25350,94.0,1743.14,295.31,5.9,1689,매수,모의투자 장종료 입니다.,
2025-07-10 17:30:42,1120,31600,93.0,2264.99,534.05,4.24,573,매수,모의투자 장종료 입니다.,
2025-07-10 17:30:46,34950,99800,90.0,5382.66,2173.62,2.48,82,매수,모의투자 장종료 입니다.,
2025-07-10 17:30:50,79960,25350,96.0,2067.42,290.38,7.12,1771,매수,모의투자 장종료 입니다.,
2025-07-10 17:31:16,1120,31600,98.0,2380.46,433.46,5.49,956,매수,모의투자 장종료 입니다.,
2025-07-10 17:31:20,34950,99800,86.0,5339.06,2937.11,1.82,46,매수,모의투자 장종료 입니다.,
2025-07-10 17:31:23,79960,25350,94.0,1843.78,310.91,5.93,1440,매수,모의투자 장종료 입니다.,
2025-07-11 00:44:53,2840,167000,62.0,2207.47,7471.8,0.3,8,매수,모의투자 장시작전 입니다.,
2025-07-11 00:44:57,34950,99800,89.0,5903.31,2463.62,2.4,214,매수,모의투자 장시작전 입니다.,
2025-07-11 00:45:01,138040,116600,87.0,5215.54,2822.24,1.85,144,매수,모의투자 장시작전 입니다.,
2025-07-11 00:45:28,2840,167000,67.0,2554.92,7654.95,0.33,6,매수,모의투자 장시작전 입니다.,
2025-07-11 00:45:31,34950,99800,97.0,6635.52,1792.41,3.7,326,매수,모의투자 장시작전 입니다.,
2025-07-11 00:45:35,138040,116600,90.0,5900.55,2581.15,2.29,140,매수,모의투자 장시작전 입니다.,
2025-07-11 00:46:02,2840,167000,72.0,2675.38,6963.3,0.38,12,매수,모의투자 장시작전 입니다.,
2025-07-11 00:46:06,34950,99800,88.0,4586.24,2878.36,1.59,124,매수,모의투자 장시작전 입니다.,
2025-07-11 00:46:09,138040,116600,83.0,6287.82,2552.79,2.46,217,매수,모의투자 장시작전 입니다.,
2025-07-11 00:46:36,2840,167000,62.0,2261.92,8774.78,0.26,6,매수,모의투자 장시작전 입니다.,
2025-07-11 00:46:40,34950,99800,93.0,5534.92,2435.3,2.27,213,매수,모의투자 장시작전 입니다.,
2025-07-11 00:46:44,138040,116600,90.0,5237.76,2858.12,1.83,146,매수,모의투자 장시작전 입니다.,
2025-07-11 00:47:10,2840,167000,73.0,3286.46,7704.34,0.43,11,매수,모의투자 장시작전 입니다.,
2025-07-11 00:47:14,34950,99800,93.0,5484.16,2359.61,2.32,201,매수,모의투자 장시작전 입니다.,
2025-07-11 00:47:18,138040,116600,83.0,6055.53,2828.05,2.14,154,매수,모의투자 장시작전 입니다.,
2025-07-11 00:47:45,2840,167000,51.0,2124.59,8655.63,0.25,5,매수,모의투자 장시작전 입니다.,
2025-07-11 00:47:48,34950,99800,93.0,5445.29,2378.46,2.29,184,매수,모의투자 장시작전 입니다.,
2025-07-11 00:47:52,138040,116600,93.0,6447.89,2394.12,2.69,215,매수,모의투자 장시작전 입니다.,
2025-07-11 00:48:19,2840,167000,59.0,2029.81,7986.97,0.25,6,매수,모의투자 장시작전 입니다.,
2025-07-11 00:48:23,34950,99800,87.0,5859.41,2824.41,2.07,160,매수,모의투자 장시작전 입니다.,
2025-07-11 00:48:27,138040,116600,84.0,5714.83,2529.94,2.26,194,매수,모의투자 장시작전 입니다.,
2025-07-11 00:48:54,2840,167000,73.0,2456.84,7972.77,0.31,7,매수,모의투자 장시작전 입니다.,
2025-07-11 00:48:57,34950,99800,91.0,5821.58,2359.43,2.47,209,매수,모의투자 장시작전 입니다.,
2025-07-11 00:49:01,138040,116600,92.0,5495.88,2475.11,2.22,179,매수,모의투자 장시작전 입니다.,
2025-07-11 11:56:34,2840,166600,68.0,3141.82,6448.88,0.49,18,매수,모의투자 매수주문이 완료 되었습니다.,
2025-07-11 11:56:38,34950,100100,85.0,5301.65,2651.56,2.0,188,매수,모의투자 매수주문이 완료 되었습니다.,
2025-07-11 11:56:42,138040,117900,88.0,5010.08,3303.9,1.52,114,매수,모의투자 매수주문이 완료 되었습니다.,
2025-07-11 13:48:43,2840,166600,68.0,3141.82,6448.88,0.49,18,매수,모의투자 매수주문이 완료 되었습니다.,
2025-07-11 13:48:47,34950,100400,86.0,5412.03,2640.18,2.05,190,매수,모의투자 매수주문이 완료 되었습니다.,
2025-07-11 13:48:51,138040,118000,88.0,5046.24,3298.96,1.53,114,매수,모의투자 매수주문이 완료 되었습니다.,
2025-07-11 15:20:44,2840,166800,68.0,3155.75,6407.21,0.49,18,매수,모의투자 매수주문이 완료 되었습니다.,
2025-07-11 15:20:47,34950,100200,86.0,5337.43,2647.47,2.02,187,매수,모의투자 매수주문이 완료 되었습니다.,
2025-07-11 15:20:51,138040,118200,88.0,5118.74,3289.04,1.56,116,매수,모의투자 매수주문이 완료 되었습니다.,
2025-07-14 17:28:14,5930,62500,90.0,3823.98,1312.43,2.91,349,매수,모의투자 장종료 입니다.,
2025-07-14 17:28:18,35720,58300,89.0,9983.38,2897.69,3.45,186,매수,모의투자 장종료 입니다.,
2025-07-15 15:38:59,14830,89500,76.0,4303.65,5978.08,0.72,32,매수,모의투자 장종료 입니다.,
2025-07-15 15:39:02,90430,139400,84.0,8210.54,6134.3,1.34,58,매수,모의투자 장종료 입니다.,
2025-07-15 15:39:06,34950,100100,90.0,5108.99,3016.76,1.69,149,매수,모의투자 장종료 입니다.,
2025-07-15 15:50:22,14830,89500,76.0,4303.65,5978.08,0.72,32,매수,모의투자 장종료 입니다.,
2025-07-15 15:50:26,90430,139400,84.0,8210.54,6134.3,1.34,58,매수,모의투자 장종료 입니다.,
2025-07-15 15:50:30,34950,100100,90.0,5108.99,3016.76,1.69,149,매수,모의투자 장종료 입니다.,
2025-07-15 15:50:56,14830,89500,81.0,4998.27,5862.97,0.85,34,매수,모의투자 장종료 입니다.,
2025-07-15 15:51:00,90430,139400,84.0,9829.64,5468.63,1.8,77,매수,모의투자 장종료 입니다.,
2025-07-15 15:51:03,34950,100100,85.0,4693.82,3001.11,1.56,123,매수,모의투자 장종료 입니다.,
2025-07-15 15:51:30,14830,89500,83.0,6816.0,4434.3,1.54,78,매수,모의투자 장종료 입니다.,
2025-07-15 15:51:34,90430,139400,83.0,8651.24,7024.09,1.23,39,매수,모의투자 장종료 입니다.,
2025-07-15 15:51:37,34950,100100,91.0,4851.09,2896.93,1.67,130,매수,모의투자 장종료 입니다.,
2025-07-15 15:52:04,14830,89500,71.0,5343.05,5498.75,0.97,48,매수,모의투자 장종료 입니다.,
2025-07-15 15:52:07,90430,139400,81.0,9326.07,6278.46,1.49,65,매수,모의투자 장종료 입니다.,
2025-07-15 15:52:11,34950,100100,84.0,4352.74,3707.38,1.17,87,매수,모의투자 장종료 입니다.,
2025-07-15 15:52:38,14830,89500,72.0,5449.39,5358.82,1.02,52,매수,모의투자 장종료 입니다.,
2025-07-15 15:52:41,90430,139400,85.0,7236.14,6559.02,1.1,46,매수,모의투자 장종료 입니다.,
2025-07-15 15:52:45,34950,100100,84.0,4937.46,3266.49,1.51,127,매수,모의투자 장종료 입니다.,
2025-07-15 15:53:11,14830,89500,80.0,5914.72,5336.55,1.11,53,매수,모의투자 장종료 입니다.,
2025-07-15 15:53:15,90430,139400,82.0,8446.06,7313.11,1.15,40,매수,모의투자 장종료 입니다.,
2025-07-15 15:53:19,34950,100100,86.0,5178.86,3217.4,1.61,129,매수,모의투자 장종료 입니다.,
2025-07-15 15:53:45,14830,89500,73.0,5397.43,5955.98,0.91,41,매수,모의투자 장종료 입니다.,
2025-07-15 15:53:49,90430,139400,85.0,8614.37,6889.46,1.25,49,매수,모의투자 장종료 입니다.,
2025-07-15 15:53:53,34950,100100,85.0,4724.15,3088.34,1.53,134,매수,모의투자 장종료 입니다.,
2025-07-15 15:54:19,14830,89500,69.0,4987.03,5361.59,0.93,46,매수,모의투자 장종료 입니다.,
2025-07-15 15:54:23,90430,139400,79.0,6799.44,6929.52,0.98,37,매수,모의투자 장종료 입니다.,
2025-07-15 15:54:26,34950,100100,93.0,4796.9,2581.47,1.86,190,매수,모의투자 장종료 입니다.,
2025-07-15 15:54:53,14830,89500,84.0,6153.32,5362.38,1.15,56,매수,모의투자 장종료 입니다.,
2025-07-15 15:54:56,90430,139400,79.0,7330.4,6984.58,1.05,39,매수,모의투자 장종료 입니다.,
2025-07-15 15:55:00,34950,100100,84.0,4740.43,2998.81,1.58,139,매수,모의투자 장종료 입니다.,
2025-07-16 12:43:55.652562,14830,88400,75.0,5531.28,5508.9,1.7,46,매수,모의투자 매수주문이 완료 되었습니다.,
2025-07-16 12:43:59.789484,90430,135900,82.0,8628.04,7289.37,1.7,41,매수,모의투자 매수주문이 완료 되었습니다.,
2025-07-16 12:44:03.590886,34950,100700,86.0,4942.93,2912.96,1.7,149,매수,모의투자 매수주문이 완료 되었습니다.,
2025-07-16 12:56:05.961191,14830,88300,75.0,5511.93,5522.85,1.7,46,매수,모의투자 매수주문이 완료 되었습니다.,
2025-07-16 12:56:09.753451,90430,135700,82.0,8585.58,7319.99,1.7,41,매수,모의투자 매수주문이 완료 되었습니다.,
2025-07-16 12:56:13.481317,34950,100700,86.0,4942.93,2912.96,1.7,150,매수,모의투자 매수주문이 완료 되었습니다.,
2025-07-16 13:06:28.587975,14830,88400,76.0,5033.48,5457.51,2.02,5,매도,모의투자 매도주문이 완료 되었습니다.,
2025-07-16 13:06:32.340534,90430,135300,79.0,8071.28,7107.69,2.02,2,매도,모의투자 매도주문이 완료 되었습니다.,
2025-07-16 13:06:36.050078,34950,100700,87.0,5410.68,2682.7,2.02,34,매수,모의투자 매수주문이 완료 되었습니다.,
2025-07-16 13:19:47.319934,14830,88500,75.0,5550.66,5494.9,1.65,48,매수,모의투자 매수주문이 완료 되었습니다.,
2025-07-16 13:19:51.058535,90430,135500,82.0,8546.2,7350.47,1.65,41,매수,모의투자 매수주문이 완료 되었습니다.,
2025-07-16 13:19:54.841252,34950,100400,86.0,4851.46,2941.73,1.65,146,매수,모의투자 매수주문이 완료 되었습니다.,
2025-07-16 13:30:09.812301,14830,88200,76.0,5009.02,5477.74,1.98,7,매도,모의투자 매도주문이 완료 되었습니다.,
2025-07-16 13:30:13.559784,90430,135200,79.0,8055.66,7124.39,1.98,2,매도,모의투자 매도주문이 완료 되었습니다.,
2025-07-16 13:30:17.279691,34950,100500,87.0,5338.32,2694.48,1.98,36,매수,모의투자 매수주문이 완료 되었습니다.,
2025-07-16 13:40:32.406667,14830,88300,78.0,5213.82,6061.36,1.42,1,매수,모의투자 매수주문이 완료 되었습니다.,
2025-07-16 13:40:36.183365,34950,100400,84.0,4388.73,3082.91,1.42,45,매도,모의투자 잔고내역이 없습니다.,
2025-07-16 13:50:51.219572,14830,88200,83.0,7471.63,4821.01,1.52,36,매수,모의투자 매수주문이 완료 되었습니다.,
2025-07-16 13:50:54.942170,90430,134800,80.0,7703.2,7320.05,1.52,5,매도,모의투자 매도주문이 완료 되었습니다.,
2025-07-16 13:50:58.656732,34950,100400,86.0,4773.31,3142.48,1.52,65,매도,모의투자 잔고내역이 없습니다.,
2025-07-16 14:01:13.870511,14830,88300,82.0,6256.06,5486.2,1.56,27,매도,모의투자 매도주문이 완료 되었습니다.,
2025-07-16 14:01:17.645846,90430,134100,85.0,8301.27,6226.37,1.56,19,매수,모의투자 매수주문이 완료 되었습니다.,
2025-07-16 14:01:21.360996,34950,100300,85.0,4897.53,3135.37,1.56,59,매도,모의투자 매도주문이 완료 되었습니다.,
2025-07-16 14:11:36.402675,14830,88200,77.0,5836.59,5697.27,1.57,3,매도,모의투자 매도주문이 완료 되었습니다.,
2025-07-16 14:11:40.143577,90430,133950,82.0,8057.44,7455.05,1.57,14,매도,모의투자 주문처리가 안되었습니다(호가단위 오류),
2025-07-16 14:11:43.880839,34950,100300,87.0,4640.69,2955.22,1.57,21,매수,모의투자 매수주문이 완료 되었습니다.,
2025-07-16 14:21:59.164972,14830,88300,77.0,4578.33,6257.46,1.75,15,매도,모의투자 매도주문이 완료 되었습니다.,
2025-07-16 14:22:02.931981,90430,134100,76.0,7921.16,7847.71,1.75,17,매도,모의투자 매도주문이 완료 되었습니다.,
2025-07-16 14:22:06.693370,34950,100500,86.0,4902.44,2805.64,1.75,34,매수,모의투자 매수주문이 완료 되었습니다.,
2025-07-16 14:32:21.751556,14830,88300,77.0,6337.3,5520.38,1.17,30,매수,모의투자 매수주문이 완료 되었습니다.,
2025-07-16 14:32:25.516990,90430,134100,82.0,6718.05,6935.31,1.17,6,매수,모의투자 매수주문이 완료 되었습니다.,
2025-07-16 14:32:29.291063,34950,100300,84.0,3918.98,3342.18,1.17,72,매도,모의투자 매도주문이 완료 되었습니다.,
2025-07-16 14:42:44.372441,14830,88200,73.0,5919.22,5839.34,1.23,16,매도,모의투자 매도주문이 완료 되었습니다.,
2025-07-16 14:42:48.150357,90430,134100,80.0,8912.45,6352.7,1.23,18,매수,모의투자 매수주문이 완료 되었습니다.,
2025-07-16 14:42:51.874154,34950,100100,86.0,4374.03,3543.58,1.23,11,매도,모의투자 매도주문이 완료 되었습니다.,
2025-07-16 14:53:06.981664,90430,134100,79.0,6862.52,6749.39,1.54,17,매도,모의투자 매도주문이 완료 되었습니다.,
2025-07-16 14:53:10.721855,34950,100500,92.0,4546.43,2952.49,1.54,54,매수,모의투자 매수주문이 완료 되었습니다.,
2025-07-16 15:03:25.807808,14830,87900,76.0,6987.43,5149.64,1.19,22,매수,모의투자 매수주문이 완료 되었습니다.,
2025-07-16 15:03:29.529429,90430,134700,83.0,8537.22,6718.35,1.19,6,매수,모의투자 매수주문이 완료 되었습니다.,
2025-07-16 15:03:33.269631,34950,100300,86.0,4151.07,3495.45,1.19,60,매도,모의투자 매도주문이 완료 되었습니다.,
2025-07-16 15:13:48.335012,14830,87900,73.0,5093.26,6658.46,1.71,36,매도,모의투자 매도주문이 완료 되었습니다.,
2025-07-16 15:13:52.077640,90430,134700,74.0,8020.81,8337.15,1.71,16,매도,모의투자 매도주문이 완료 되었습니다.,
2025-07-16 15:13:55.868075,34950,100400,86.0,5025.87,2935.4,1.71,80,매수,모의투자 매수주문이 완료 되었습니다.,
2025-07-16 15:24:10.868572,14830,87800,73.0,5331.39,5825.06,1.58,13,매수,모의투자 매수주문이 완료 되었습니다.,
2025-07-16 15:24:14.598614,90430,135100,74.0,6650.76,7247.03,1.58,4,매수,모의투자 매수주문이 완료 되었습니다.,
2025-07-16 15:24:18.359102,34950,100400,88.0,4907.64,3101.53,1.58,20,매도,모의투자 매도주문이 완료 되었습니다.,
2025-07-16 15:34:33.420940,14830,88000,80.0,5983.79,4928.45,1.32,25,매수,모의투자 장종료 입니다.,
2025-07-16 15:34:37.179826,90430,135000,76.0,7651.64,8181.71,1.32,5,매도,모의투자 장종료 입니다.,
2025-07-16 15:34:40.916338,34950,100500,86.0,4333.36,3283.08,1.32,34,매도,모의투자 장종료 입니다.,
2025-07-16 15:44:55.912520,14830,88000,75.0,6454.59,5246.39,1.54,13,매수,모의투자 장종료 입니다.,
2025-07-16 15:44:59.627026,90430,135000,85.0,8816.16,7681.49,1.54,1,매수,모의투자 장종료 입니다.,
2025-07-16 15:45:03.379706,34950,100500,87.0,4445.65,2880.41,1.54,13,매도,모의투자 장종료 입니다.,
2025-07-16 15:55:18.464974,14830,88000,80.0,5700.35,5924.6,2.08,9,매도,모의투자 장종료 입니다.,
2025-07-16 15:55:22.213325,90430,135000,83.0,8904.35,6681.5,2.08,8,매수,모의투자 장종료 입니다.,
2025-07-16 15:55:25.943664,34950,100500,92.0,5323.49,2564.49,2.08,36,매수,모의투자 장종료 입니다.,
2025-07-16 16:05:40.896029,14830,88000,77.0,5045.4,4624.28,1.25,18,매수,모의투자 장종료 입니다.,
2025-07-16 16:05:44.614978,90430,135000,81.0,8441.67,6478.0,1.25,18,매수,모의투자 장종료 입니다.,
2025-07-16 16:05:48.321143,34950,100500,82.0,4526.78,3611.01,1.25,54,매도,모의투자 장종료 입니다.,
2025-07-16 16:16:03.411214,14830,88000,75.0,5421.93,5824.41,1.24,2,매수,모의투자 장종료 입니다.,
2025-07-16 16:16:07.175845,90430,135000,77.0,8690.4,7746.11,1.24,7,매수,모의투자 장종료 입니다.,
2025-07-16 16:16:10.906536,34950,100500,91.0,4314.17,3491.01,1.24,42,매도,모의투자 장종료 입니다.,
2025-07-16 16:26:25.940367,14830,88000,70.0,4963.32,6484.38,1.59,14,매도,모의투자 장종료 입니다.,
2025-07-16 16:26:29.665640,90430,135000,78.0,8662.17,6757.74,1.59,15,매수,모의투자 장종료 입니다.,
2025-07-16 16:26:33.465091,34950,100500,86.0,4468.27,2802.85,1.59,7,매수,모의투자 장종료 입니다.,
2025-07-16 16:36:48.464898,14830,88000,73.0,4698.64,5862.1,1.53,7,매도,모의투자 장종료 입니다.,
2025-07-16 16:36:52.253025,90430,135000,79.0,8289.49,7202.01,1.53,8,매수,모의투자 장종료 입니다.,
2025-07-16 16:36:56.006729,34950,100500,86.0,5009.5,3278.32,1.53,16,매도,모의투자 장종료 입니다.,
2025-07-16 16:47:11.081674,14830,88000,81.0,5753.42,5601.63,1.68,4,매수,모의투자 장종료 입니다.,
2025-07-16 16:47:14.802126,90430,135000,82.0,6977.58,7499.21,1.68,3,매도,모의투자 장종료 입니다.,
2025-07-16 16:47:18.559599,34950,100500,88.0,4770.01,2845.4,1.68,13,매수,모의투자 장종료 입니다.,
2025-07-16 16:57:33.575273,14830,88000,79.0,5874.59,6194.55,1.69,10,매도,모의투자 장종료 입니다.,
2025-07-16 16:57:37.315400,90430,135000,78.0,9659.16,6264.53,1.69,21,매수,모의투자 장종료 입니다.,
2025-07-16 16:57:41.016483,34950,100500,90.0,5089.66,3011.9,1.69,15,매도,모의투자 장종료 입니다.,
2025-07-16 17:07:55.988652,14830,88000,79.0,5872.19,5353.56,1.36,12,매수,모의투자 장종료 입니다.,
2025-07-16 17:07:59.867443,90430,135000,75.0,8043.99,7785.9,1.36,1,매수,모의투자 장종료 입니다.,
2025-07-16 17:08:03.611273,34950,100500,87.0,4660.18,3422.54,1.36,36,매도,모의투자 장종료 입니다.,
2025-07-16 17:18:18.679917,14830,88000,73.0,4991.37,6240.21,1.36,8,매도,모의투자 장종료 입니다.,
2025-07-16 17:18:22.733258,90430,135000,87.0,7803.24,6833.19,1.36,13,매수,모의투자 장종료 입니다.,
2025-07-16 17:18:26.646384,34950,100500,84.0,4355.46,3194.03,1.36,20,매도,모의투자 장종료 입니다.,
2025-07-16 17:28:41.613927,14830,88000,81.0,5671.1,5062.83,1.52,3,매수,모의투자 장종료 입니다.,
2025-07-16 17:28:45.326107,90430,135000,86.0,9962.88,5358.23,1.52,40,매수,모의투자 장종료 입니다.,
2025-07-16 17:28:49.155270,34950,100500,89.0,4737.22,3120.73,1.52,41,매도,모의투자 장종료 입니다.,
2025-07-16 17:39:04.185288,14830,88000,73.0,5361.63,5912.09,1.48,2,매도,모의투자 장종료 입니다.,
2025-07-16 17:39:07.939254,90430,135000,84.0,7602.12,7306.32,1.48,4,매수,모의투자 장종료 입니다.,
2025-07-16 17:39:11.702684,34950,100500,84.0,4609.79,3121.99,1.48,11,매도,모의투자 장종료 입니다.,
2025-07-16 17:49:26.799376,14830,88000,79.0,5815.68,5253.13,1.31,8,매수,모의투자 장종료 입니다.,
2025-07-16 17:49:30.574850,90430,135000,79.0,9195.17,6274.59,1.31,23,매수,모의투자 장종료 입니다.,
2025-07-16 17:49:34.355269,34950,100500,85.0,4471.75,3404.87,1.31,50,매도,모의투자 장종료 입니다.,
2025-07-16 17:59:49.343200,14830,88000,71.0,5304.47,6021.41,1.43,1,매도,모의투자 장종료 입니다.,
2025-07-16 17:59:53.060794,90430,135000,82.0,7045.73,7526.95,1.43,1,매수,모의투자 장종료 입니다.,
2025-07-16 17:59:56.809928,34950,100500,87.0,4632.55,3232.87,1.43,13,매도,모의투자 장종료 입니다.,
2025-07-16 18:10:11.810240,14830,88000,77.0,5135.57,5285.2,1.25,8,매수,모의투자 장종료 입니다.,
2025-07-16 18:10:15.548310,90430,135000,78.0,8018.96,6870.39,1.25,13,매수,모의투자 장종료 입니다.,
2025-07-16 18:10:19.256913,34950,100500,86.0,4394.76,3506.77,1.25,44,매도,모의투자 장종료 입니다.,
2025-07-16 18:20:34.347730,90430,135000,83.0,8161.96,6394.36,1.35,18,매수,모의투자 장종료 입니다.,
2025-07-16 18:20:38.095390,34950,100500,86.0,4678.55,3468.73,1.35,42,매도,모의투자 장종료 입니다.,
2025-07-16 18:30:53.338211,14830,88000,76.0,5756.27,5435.34,2.52,5,매도,모의투자 장종료 입니다.,
2025-07-16 18:30:57.148051,90430,135000,81.0,7338.14,6591.05,2.52,2,매도,모의투자 장종료 입니다.,
2025-07-16 18:31:00.880859,34950,100500,95.0,5642.85,2239.21,2.52,90,매수,모의투자 장종료 입니다.,
2025-07-16 18:41:15.882683,14830,88000,71.0,6456.16,6007.09,1.72,6,매도,모의투자 장종료 입니다.,
2025-07-16 18:41:19.596441,90430,135000,87.0,9374.81,5783.59,1.72,26,매수,모의투자 장종료 입니다.,
2025-07-16 18:41:23.353865,34950,100500,90.0,5047.66,2941.55,1.72,17,매도,모의투자 장종료 입니다.,
2025-07-16 18:51:38.285543,14830,88000,76.0,5713.71,5934.04,1.71,5,매도,모의투자 장종료 입니다.,
2025-07-16 18:51:42.190356,90430,135000,78.0,8446.19,6831.87,1.71,9,매수,모의투자 장종료 입니다.,
2025-07-16 18:51:45.979244,34950,100500,84.0,5124.56,2991.53,1.71,3,매도,모의투자 장종료 입니다.,
2025-07-16 19:02:01.083853,14830,88000,78.0,5937.82,5587.02,1.53,3,매수,모의투자 장종료 입니다.,
2025-07-16 19:02:05.175684,90430,135000,88.0,8283.26,6654.68,1.53,11,매수,모의투자 장종료 입니다.,
2025-07-16 19:02:09.841708,34950,100500,78.0,4393.02,2870.9,1.53,11,매도,모의투자 장종료 입니다.,
2025-07-16 19:12:25.031919,14830,88000,80.0,5383.9,5340.91,1.48,9,매수,모의투자 장종료 입니다.,
2025-07-16 19:12:29.088666,90430,135000,81.0,6869.33,7560.62,1.48,2,매도,모의투자 장종료 입니다.,
2025-07-16 19:12:33.004482,34950,100500,82.0,4948.7,3333.77,1.48,19,매도,모의투자 장종료 입니다.,
2025-07-16 19:22:48.070600,14830,88000,72.0,5548.58,6231.51,1.58,12,매도,모의투자 장종료 입니다.,
2025-07-16 19:22:51.779970,90430,135000,88.0,9535.75,5652.78,1.58,34,매수,모의투자 장종료 입니다.,
2025-07-16 19:22:55.543906,34950,100500,88.0,4972.52,3154.03,1.58,29,매도,모의투자 장종료 입니다.,
2025-07-16 19:33:10.679712,14830,88000,74.0,5203.93,5546.51,1.7,2,매도,모의투자 장종료 입니다.,
2025-07-16 19:33:14.481640,90430,135000,79.0,7994.82,7093.65,1.7,5,매수,모의투자 장종료 입니다.,
2025-07-16 19:33:18.195506,34950,100500,91.0,4987.93,2926.35,1.7,5,매수,모의투자 장종료 입니다.,
2025-07-16 19:43:33.627201,90430,135000,80.0,7878.85,6812.53,1.84,5,매수,모의투자 장종료 입니다.,
2025-07-16 19:43:37.473536,34950,100500,91.0,5191.87,2820.03,1.84,14,매수,모의투자 장종료 입니다.,
2025-07-16 19:53:52.485795,14830,88000,79.0,6234.11,5423.76,1.63,8,매수,모의투자 장종료 입니다.,
2025-07-16 19:53:56.341641,90430,135000,80.0,8096.16,7137.02,1.63,3,매수,모의투자 장종료 입니다.,
2025-07-16 19:54:00.065274,34950,100500,84.0,5012.25,3082.8,1.63,15,매도,모의투자 장종료 입니다.,
2025-07-16 20:04:15.633760,14830,88000,81.0,6865.82,4657.5,1.4,31,매수,모의투자 장종료 입니다.,
2025-07-16 20:04:19.360160,90430,135000,88.0,8361.82,7003.71,1.4,4,매수,모의투자 장종료 입니다.,
2025-07-16 20:04:23.091369,34950,100500,89.0,4460.07,3177.96,1.4,41,매도,모의투자 장종료 입니다.,
2025-07-16 20:14:38.319927,14830,88000,78.0,5690.7,4775.49,1.11,27,매수,모의투자 장종료 입니다.,
2025-07-16 20:14:42.069669,90430,135000,76.0,7637.97,6856.39,1.11,10,매수,모의투자 장종료 입니다.,
2025-07-16 20:14:45.803453,34950,100500,79.0,4206.81,3796.23,1.11,64,매도,모의투자 장종료 입니다.,
2025-07-16 20:25:00.920038,14830,88000,75.0,4746.42,6738.96,1.72,18,매도,모의투자 장종료 입니다.,
2025-07-16 20:25:04.779912,90430,135000,80.0,8835.82,7007.26,1.72,11,매수,모의투자 장종료 입니다.,
2025-07-16 20:25:08.511121,34950,100500,84.0,5045.78,2936.01,1.72,9,매수,모의투자 장종료 입니다.,
2025-07-16 20:35:23.563066,14830,88000,79.0,5972.19,5092.2,1.51,13,매수,모의투자 장종료 입니다.,
2025-07-16 20:35:27.304506,90430,135000,78.0,8265.34,7041.0,1.51,6,매수,모의투자 장종료 입니다.,
2025-07-16 20:35:31.081146,34950,100500,89.0,4810.07,3182.85,1.51,26,매도,모의투자 장종료 입니다.,
2025-07-16 20:45:46.142434,14830,88000,73.0,4864.59,6014.38,1.7,13,매도,모의투자 장종료 입니다.,
2025-07-16 20:45:50.229144,90430,135000,80.0,9650.13,6343.11,1.7,22,매수,모의투자 장종료 입니다.,
2025-07-16 20:45:53.946393,34950,100500,88.0,5155.79,3039.44,1.7,11,매도,모의투자 장종료 입니다.,
2025-07-16 20:56:09.789115,14830,88000,73.0,5126.33,6261.7,1.02,4,매도,모의투자 장종료 입니다.,
2025-07-16 20:56:13.885281,90430,135000,81.0,8069.68,6390.96,1.02,26,매수,모의투자 장종료 입니다.,
2025-07-16 20:56:18.666243,34950,100500,80.0,3780.44,3718.42,1.02,61,매도,모의투자 장종료 입니다.,
2025-07-16 21:06:34.370399,14830,88000,74.0,6116.68,5346.51,1.83,1,매수,모의투자 장종료 입니다.,
2025-07-16 21:06:38.189753,90430,135000,85.0,9373.83,5978.36,1.83,20,매수,모의투자 장종료 입니다.,
2025-07-16 21:06:41.933963,34950,100500,87.0,5381.31,2935.11,1.83,12,매도,모의투자 장종료 입니다.,
2025-07-16 21:16:57.052553,14830,88000,83.0,5917.47,4976.77,1.44,18,매수,모의투자 장종료 입니다.,
2025-07-16 21:17:00.770975,90430,135000,77.0,8324.55,7539.26,1.44,2,매수,모의투자 장종료 입니다.,
2025-07-16 21:17:04.496688,34950,100500,89.0,4754.29,3303.63,1.44,33,매도,모의투자 장종료 입니다.,
2025-07-16 21:27:20.019440,14830,88000,82.0,6174.49,5735.7,1.79,1,매도,모의투자 장종료 입니다.,
2025-07-16 21:27:23.763402,90430,135000,83.0,8551.18,6941.42,1.79,6,매수,모의투자 장종료 입니다.,
2025-07-16 21:27:27.602689,34950,100500,85.0,4849.66,2705.02,1.79,12,매수,모의투자 장종료 입니다.,
2025-07-16 21:37:42.726867,14830,88000,71.0,5124.71,6138.79,1.46,6,매도,모의투자 장종료 입니다.,
2025-07-16 21:37:46.828261,90430,135000,81.0,7053.9,6532.51,1.46,11,매수,모의투자 장종료 입니다.,
2025-07-16 21:37:50.618016,34950,100500,87.0,4061.06,2780.84,1.46,6,매수,모의투자 장종료 입니다.,
2025-07-16 21:48:06.009193,14830,88000,78.0,6083.13,5123.95,1.58,12,매수,모의투자 장종료 입니다.,
2025-07-16 21:48:09.760830,90430,135000,76.0,9253.29,7593.31,1.58,3,매수,모의투자 장종료 입니다.,
2025-07-16 21:48:13.496946,34950,100500,87.0,4611.61,2911.81,1.58,13,매도,모의투자 장종료 입니다.,
2025-07-16 21:58:28.837495,14830,88000,79.0,6043.51,5281.91,2.28,5,매수,모의투자 장종료 입니다.,
2025-07-16 21:58:32.578885,90430,135000,78.0,6250.96,8140.55,2.28,15,매도,모의투자 장종료 입니다.,
2025-07-16 21:58:36.323206,34950,100500,91.0,5149.17,2254.79,2.28,92,매수,모의투자 장종료 입니다.,
2025-07-16 22:08:51.602410,14830,88000,80.0,4751.63,6060.11,1.47,9,매도,모의투자 장종료 입니다.,
2025-07-16 22:08:55.583041,90430,135000,82.0,8232.41,6801.39,1.47,14,매수,모의투자 장종료 입니다.,
2025-07-16 22:08:59.388260,34950,100500,84.0,4468.63,3044.18,1.47,10,매도,모의투자 장종료 입니다.,
2025-07-16 22:19:14.652759,14830,88000,73.0,5643.32,5562.61,1.62,2,매도,모의투자 장종료 입니다.,
2025-07-16 22:19:18.564247,90430,135000,84.0,9122.5,6192.67,1.62,20,매수,모의투자 장종료 입니다.,
2025-07-16 22:19:22.356387,34950,100500,91.0,4539.97,2803.76,1.62,9,매도,모의투자 장종료 입니다.,
2025-07-16 22:29:37.653249,14830,88000,83.0,5642.11,5030.57,1.96,7,매수,모의투자 장종료 입니다.,
2025-07-16 22:29:41.457191,90430,135000,76.0,8332.67,7510.38,1.96,2,매도,모의투자 장종료 입니다.,
2025-07-16 22:29:45.280921,34950,100500,86.0,5048.79,2578.49,1.96,32,매수,모의투자 장종료 입니다.,
2025-07-16 22:40:00.976891,14830,88000,77.0,5860.44,5349.35,1.2,19,매수,모의투자 장종료 입니다.,
2025-07-16 22:40:04.775579,90430,135000,80.0,6576.92,7725.1,1.2,2,매도,모의투자 장종료 입니다.,
2025-07-16 22:40:08.547344,34950,100500,84.0,3630.3,3035.51,1.2,24,매도,모의투자 장종료 입니다.,
2025-07-18 14:19:33.679368,6060,4955,83.0,177.57,206.06,0.86,2426432,매수,모의투자 주문 실패(1회 최대 주문가능수량 초과),
2025-07-18 14:22:51.909212,6060,4955,81.0,173.01,223.78,0.77,2234358,매수,모의투자 주문 실패(1회 최대 주문가능수량 초과),
2025-07-21 15:17:20.375013,660,272500,91.0,30373.18,8117.79,3.74,61593,매수,모의투자 주문가능금액이 부족합니다.,
2025-07-21 15:53:24.180272,660,272500,,29304.91,9885.55,2.96,36,머수,모의투자 장종료 입니다.,90.0
2025-07-22 11:43:19.891505,660,269000,,25304.91,9432.66,1.1,37,머수,모의투자 매수주문이 완료 되었습니다.,87.0
2025-07-22 11:43:23.981091,24110,20200,,1510.45,452.21,1.1,495,머수,모의투자 매수주문이 완료 되었습니다.,91.0
2025-07-22 11:43:27.728551,12450,920000,,57750.41,52740.0,1.1,10,머수,모의투자 매수주문이 완료 되었습니다.,87.0
2025-07-22 11:53:42.791246,24110,20150,,1834.12,322.79,1.57,1,머수,모의투자 매수주문이 완료 되었습니다.,100.0
2025-07-22 12:03:58.114473,24110,20100,,1619.59,315.83,1.23,1,머수,모의투자 매수주문이 완료 되었습니다.,97.0
2025-07-22 12:24:24.767780,24110,20150,,1634.44,425.79,1.28,1,매도,모의투자 매도주문이 완료 되었습니다.,95.0
2025-07-22 12:44:50.616417,24110,20250,,1884.8,362.06,1.28,3,매도,모의투자 매도주문이 완료 되었습니다.,92.0
2025-07-22 12:55:05.713970,24110,20175,,1550.08,400.28,1.51,2,머수,모의투자 주문처리가 안되었습니다(호가단위 오류),94.0
2025-07-22 13:05:20.802003,24110,20100,,1642.45,477.53,1.3,4,머수,모의투자 매수주문이 완료 되었습니다.,95.0
2025-07-22 13:15:35.876014,24110,20150,,1675.32,317.49,1.38,1,매도,모의투자 매도주문이 완료 되었습니다.,97.0
2025-07-22 13:25:50.912220,24110,20050,,1715.19,320.29,1.22,2,머수,모의투자 매수주문이 완료 되었습니다.,96.0
2025-07-22 13:36:06.027736,24110,20100,,1819.91,344.07,1.02,1,매도,모의투자 매도주문이 완료 되었습니다.,97.0
2025-07-22 13:46:21.134150,24110,20150,,1684.51,382.14,1.1,1,매도,모의투자 매도주문이 완료 되었습니다.,96.0
2025-07-22 13:56:36.242929,24110,20200,,1620.12,471.4,1.3,1,매도,모의투자 매도주문이 완료 되었습니다.,95.0
2025-07-22 14:06:51.545562,24110,20150,,1681.85,341.19,1.76,1,머수,모의투자 매수주문이 완료 되었습니다.,97.0
2025-07-22 14:17:06.676029,24110,20200,,1992.53,211.33,1.29,1,매도,모의투자 매도주문이 완료 되었습니다.,97.0
2025-07-22 14:57:55.663464,24110,20150,,1731.51,426.31,1.23,1,머수,모의투자 매수주문이 완료 되었습니다.,93.0
2025-07-22 15:08:10.771938,24110,20200,,1643.73,301.64,1.38,1,매도,모의투자 매도주문이 완료 되었습니다.,99.0
2025-07-22 15:28:37.116681,24110,20150,,1637.25,393.11,1.16,1,머수,모의투자 매수주문이 완료 되었습니다.,94.0
2025-07-22 15:38:52.051280,24110,20200,,1858.12,276.49,1.08,1,매도,모의투자 장종료 입니다.,96.0
2025-07-22 15:49:07.016762,24110,20200,,1772.68,332.59,1.09,1,매도,모의투자 장종료 입니다.,97.0
2025-07-22 15:59:22.030734,24110,20200,,1799.16,293.11,1.64,1,매도,모의투자 장종료 입니다.,97.0
2025-07-22 16:09:37.040448,24110,20200,,1687.97,358.36,1.16,1,매도,모의투자 장종료 입니다.,94.0
2025-07-22 16:19:52.007354,24110,20200,,1642.6,364.79,1.13,1,매도,모의투자 장종료 입니다.,96.0
2025-07-22 16:30:07.057642,24110,20200,,1685.97,385.46,1.22,1,매도,모의투자 장종료 입니다.,90.0
2025-07-22 16:40:22.066646,24110,20200,,1647.6,431.99,1.11,1,매도,모의투자 장종료 입니다.,93.0
2025-07-22 16:50:37.083597,24110,20200,,1892.82,350.81,1.16,1,매도,모의투자 장종료 입니다.,93.0
2025-07-22 17:00:52.003844,24110,20200,,1642.81,385.45,1.3,1,매도,모의투자 장종료 입니다.,96.0
2025-07-22 17:11:07.003880,24110,20200,,1745.73,305.9,0.99,1,매도,모의투자 장종료 입니다.,94.0
2025-07-22 17:21:21.974323,24110,20200,,1764.44,336.71,1.02,1,매도,모의투자 장종료 입니다.,91.0
2025-07-22 17:31:36.950587,24110,20200,,1804.93,330.14,1.27,1,매도,모의투자 장종료 입니다.,97.0
2025-07-22 17:41:51.961620,24110,20200,,1750.44,336.45,1.18,1,매도,모의투자 장종료 입니다.,96.0
2025-07-22 17:52:06.998712,24110,20200,,1779.17,286.12,1.05,1,매도,모의투자 장종료 입니다.,96.0
2025-07-22 18:02:22.085595,24110,20200,,1583.38,432.0,0.96,1,매도,모의투자 장종료 입니다.,95.0
2025-07-22 18:12:37.113148,24110,20200,,1796.96,283.77,1.1,1,매도,모의투자 장종료 입니다.,99.0
2025-07-22 18:22:52.054905,24110,20200,,1713.11,382.01,1.07,1,매도,모의투자 장종료 입니다.,94.0
2025-07-22 18:33:07.017057,24110,20200,,1739.88,413.16,1.1,1,매도,모의투자 장종료 입니다.,96.0
2025-07-23 13:00:07.471585,82740,30400,,1983.56,1556.33,1.26,328,머수,모의투자 잔고내역이 없습니다.,85.0
2025-07-23 13:00:11.434012,660,268500,,18626.56,14803.52,1.26,37,머수,모의투자 매도주문이 완료 되었습니다.,81.0
2025-07-23 13:37:34.418151,82740,30450,,2299.64,1400.72,2.85,328,머수,모의투자 잔고내역이 없습니다.,85.0
2025-07-23 13:37:38.168532,660,269500,,26138.82,9169.33,2.85,37,머수,모의투자 잔고내역이 없습니다.,89.0
2025-07-23 13:48:18.200498,12450,905000,,0.0,0.0,0.0,10,매도,모의투자 매도주문이 완료 되었습니다.,0.0
2025-07-23 13:48:23.171168,14830,85400,,0.0,0.0,0.0,42,매도,모의투자 매도주문이 완료 되었습니다.,0.0
2025-07-23 13:48:28.243577,24110,20100,,0.0,0.0,0.0,495,매도,모의투자 매도주문이 완료 되었습니다.,0.0
2025-07-23 13:48:33.279402,34950,100500,,0.0,0.0,0.0,104,매도,모의투자 매도주문이 완료 되었습니다.,0.0
2025-07-23 13:48:38.482376,90430,134500,,0.0,0.0,0.0,37,매도,모의투자 매도주문이 완료 되었습니다.,0.0
2025-07-23 13:48:54.774157,14830,85400,,0.0,0.0,0.0,33,매도,모의투자 잔고내역이 없습니다.,0.0
2025-07-23 13:48:59.778136,24110,20100,,0.0,0.0,0.0,495,매도,모의투자 잔고내역이 없습니다.,0.0
2025-07-23 13:49:04.773777,34950,100500,,0.0,0.0,0.0,104,매도,모의투자 잔고내역이 없습니다.,0.0
2025-07-23 13:49:09.748441,90430,134500,,0.0,0.0,0.0,37,매도,모의투자 잔고내역이 없습니다.,0.0
2025-07-23 13:49:26.026660,14830,85500,,0.0,0.0,0.0,4,매도,모의투자 잔고내역이 없습니다.,0.0
2025-07-23 13:49:30.990768,24110,20100,,0.0,0.0,0.0,60,매도,모의투자 잔고내역이 없습니다.,0.0
2025-07-23 13:49:36.002241,34950,100500,,0.0,0.0,0.0,104,매도,모의투자 잔고내역이 없습니다.,0.0
2025-07-23 13:49:40.999894,90430,134500,,0.0,0.0,0.0,4,매도,모의투자 잔고내역이 없습니다.,0.0
2025-07-23 13:49:57.340650,14830,85200,,0.0,0.0,0.0,3,매도,모의투자 잔고내역이 없습니다.,0.0
2025-07-23 13:50:02.316809,34950,100500,,0.0,0.0,0.0,99,매도,모의투자 잔고내역이 없습니다.,0.0
2025-07-23 13:50:07.346052,90430,134500,,0.0,0.0,0.0,2,매도,모의투자 잔고내역이 없습니다.,0.0
2025-07-23 13:50:23.689651,34950,100500,,0.0,0.0,0.0,99,매도,모의투자 잔고내역이 없습니다.,0.0
2025-07-23 13:50:39.971676,34950,100500,,0.0,0.0,0.0,99,매도,모의투자 잔고내역이 없습니다.,0.0
2025-07-23 13:50:56.334526,34950,100500,,0.0,0.0,0.0,99,매도,모의투자 잔고내역이 없습니다.,0.0
2025-07-23 13:51:12.652719,34950,100500,,0.0,0.0,0.0,99,매도,모의투자 잔고내역이 없습니다.,0.0
2025-07-23 13:53:52.469308,34950,100500,,0.0,0.0,0.0,99,매도,모의투자 잔고내역이 없습니다.,0.0
2025-07-23 13:54:08.774479,34950,100500,,0.0,0.0,0.0,99,매도,모의투자 잔고내역이 없습니다.,0.0
2025-07-23 13:54:25.069439,34950,100500,,0.0,0.0,0.0,99,매도,모의투자 잔고내역이 없습니다.,0.0
2025-07-23 13:54:41.364015,34950,100500,,0.0,0.0,0.0,99,매도,모의투자 잔고내역이 없습니다.,0.0
2025-07-23 13:54:57.668230,34950,100500,,0.0,0.0,0.0,99,매도,모의투자 잔고내역이 없습니다.,0.0
2025-07-23 13:55:13.944053,34950,100500,,0.0,0.0,0.0,99,매도,모의투자 잔고내역이 없습니다.,0.0
2025-07-23 13:55:29.903638,34950,100500,,0.0,0.0,0.0,99,매도,모의투자 잔고내역이 없습니다.,0.0
2025-07-23 13:55:46.311420,34950,100500,,0.0,0.0,0.0,99,매도,모의투자 잔고내역이 없습니다.,0.0
2025-07-23 13:56:02.643968,34950,100500,,0.0,0.0,0.0,99,매도,모의투자 잔고내역이 없습니다.,0.0
2025-07-23 13:56:19.076343,34950,100500,,0.0,0.0,0.0,99,매도,모의투자 잔고내역이 없습니다.,0.0
2025-07-23 13:56:35.374930,34950,100500,,0.0,0.0,0.0,99,매도,모의투자 잔고내역이 없습니다.,0.0
2025-07-23 13:56:51.669836,34950,100500,,0.0,0.0,0.0,99,매도,모의투자 잔고내역이 없습니다.,0.0
2025-07-23 13:57:08.035538,34950,100500,,0.0,0.0,0.0,99,매도,모의투자 잔고내역이 없습니다.,0.0
2025-07-23 13:57:24.360936,34950,100500,,0.0,0.0,0.0,99,매도,모의투자 잔고내역이 없습니다.,0.0
2025-07-23 14:01:05.178822,82740,30500,,2291.86,1577.04,2.84,327,매수,모의투자 매수주문이 완료 되었습니다.,84.0
2025-07-23 14:01:08.926336,660,269000,,28645.1,10092.02,2.84,37,매수,모의투자 매수주문이 완료 되었습니다.,91.0
2025-07-23 14:11:20.167524,82740,30450,,2060.17,1830.02,1.81,1,매수,모의투자 매수주문이 완료 되었습니다.,80.0
2025-07-23 14:21:31.479437,82740,30300,,2107.47,1678.93,2.17,2,매수,모의투자 매수주문이 완료 되었습니다.,78.0
2025-07-23 14:41:50.280267,82740,30500,,2087.12,1795.97,3.03,3,매도,모의투자 매도주문이 완료 되었습니다.,84.0
2025-07-23 14:52:01.535925,82740,30650,,2193.67,1597.05,1.98,1,매도,모의투자 매도주문이 완료 되었습니다.,85.0
2025-07-23 15:12:20.414643,82740,30800,,2414.05,1435.41,1.99,2,매도,모의투자 매도주문이 완료 되었습니다.,83.0
2025-07-23 15:22:31.706690,82740,30900,,2266.54,1478.51,2.47,1,매도,모의투자 매도주문이 완료 되었습니다.,88.0
2025-07-24 10:36:52.181404,82740,31850,,2560.72,1536.54,3.63,10,매도,모의투자 매도주문이 완료 되었습니다.,88.0
2025-07-24 10:36:56.183438,660,275500,,28776.83,7923.66,3.63,1,매도,모의투자 매도주문이 완료 되었습니다.,95.0
2025-07-24 10:46:37.529273,82740,31750,,0.0,0.0,0.0,313,매도,모의투자 매도주문이 완료 되었습니다.,0.0
2025-07-24 10:46:42.532928,000660,270500,,0.0,0.0,0.0,36,매도,모의투자 매도주문이 완료 되었습니다.,0.0
